snapshot_ts,score,reward_pool_per_day,rebate_pool_per_day,spread,best_bid,best_ask,tick,min_size,neg_risk,taker_fee_pct,rebate_pct,rewards_max_spread,liquidity,volume_24h,end_date,question,slug,condition_id
2026/9/23 3:00,0.205,500,1821.16,0.003,0.058,0.061,0.001,5,0,4,25,4.5,640812,197630,2027-01-01T05:00:00Z,Clarity Act (H.R.3633) signed into law in 2026?,clarity-act-signed-into-law-in-2026,0x9cb23d04b2ded06147482076688b69b487a8d982c63ebdda2ab3678cf27cf390
2026/9/23 3:00,0.137,300,997.48,0.001,0.042,0.043,0.001,5,0,4,25,3.5,498647,103527,2027-01-01T04:59:00Z,Xi Jinping out before 2027?,xi-jinping-out-before-2027,0xa467b14d51f01b957109d9cbb1d6c124fab2a089d52ed8f471d23c2812e743b7
2026/9/23 3:00,0.004,50,0,0.001,0.039,0.04,0.001,5,0,0,0,3.5,628641,537760,2026-12-31T00:00:00Z,Will China invade Taiwan by end of 2026?,will-china-invade-taiwan-before-2027,0xd9fb1184af0064e5e34b129f5b79afa5a17b7e32f2953ab05efed82315fee6d4
2026/9/23 3:00,0,0,0,0.01,0.11,0.12,0.01,5,0,0,0,0,207753,4242,2028-01-01T04:59:00Z,"Will China invade Taiwan by December 31, 2027?",will-china-invade-taiwan-by-december-31-2027,0xe6d5e5da83874cd82c9b651a8a5d4fc541a800a295fb62e85124b4f5a04a4b7d
2026/9/23 3:00,0,0,0,0.01,0.08,0.09,0.01,5,0,0,0,0,81359,16,2027-07-01T03:59:00Z,"Will China invade Taiwan by June 30, 2027?",will-china-invade-taiwan-by-june-30-2027,0x057da165b096d1f3a59d87bcad68649aecd18dc25c89a6d083530d1aaac18146
2026/9/23 3:00,0.004,70,0,0.001,0.04,0.041,0.01,5,0,0,0,3.5,816459,459537,2027-01-01T04:59:00Z,"Putin out as President of Russia by December 31, 2026?",putin-out-before-2027-346,0x6bd56627aa21311850825edb27e53434a0e17a4f782be0086bc07f71eee00d0d
2026/9/23 3:00,0,0,0,0.01,0.11,0.12,0.01,5,0,0,0,4.5,103855,2952,2027-07-01T03:59:00Z,"Putin out as President of Russia by June 30, 2027?",putin-out-as-president-of-russia-by-june-30-2027,0xcbac06e53a332298ba921cac34bf293bc9bdfd0aeccb37e6f7f1d100956fbe3c
2026/9/23 3:00,0.005,70,0,0.01,0.06,0.07,0.01,5,0,0,0,3.5,714284,73680,2027-01-01T04:59:00Z,Will the Iranian regime fall before 2027?,will-the-iranian-regime-fall-by-the-end-of-2026,0xbb4d51e6364066d92eb6f9b8413dd7193de70966736044463b205834805a1f3b
2026/9/23 3:00,0.051,100,588.16,0.001,0.038,0.039,0.001,5,0,4,25,3.5,723627,61620,2027-01-01T04:59:00Z,Will the US confirm that aliens exist before 2027?,will-the-us-confirm-that-aliens-exist-before-2027-789-924-249,0x747dc809fb79e1b05be09c42d6179459a58de2ef3e40f02484a4e1260f741f75
2026-09-24 11:00,0.205,500.00,1821.16,0.0010,0.062,0.063,0.001,5,0,4.0,25,4.5,640812,197630,2027-01-01T05:00:00Z,Clarity Act (H.R.3633) signed into law in 2026?,clarity-act-signed-into-law-in-2026,0x9cb23d04b2ded06147482076688b69b487a8d982c63ebdda2ab3678cf27cf390
2026-09-24 11:00,0.137,300.00,997.48,0.0010,0.042,0.043,0.001,5,0,4.0,25,3.5,498647,103527,2027-01-01T04:59:00Z,Xi Jinping out before 2027?,xi-jinping-out-before-2027,0xa467b14d51f01b957109d9cbb1d6c124fab2a089d52ed8f471d23c2812e743b7
2026-09-24 11:00,0.004,50.00,0.00,0.0020,0.038,0.04,0.001,5,0,0.0,0,3.5,628641,537760,2026-12-31T00:00:00Z,Will China invade Taiwan by end of 2026?,will-china-invade-taiwan-before-2027,0xd9fb1184af0064e5e34b129f5b79afa5a17b7e32f2953ab05efed82315fee6d4
2026-09-24 11:00,0.000,0.00,0.00,0.0100,0.11,0.12,0.01,5,0,0.0,0,0.0,207753,4242,2028-01-01T04:59:00Z,"Will China invade Taiwan by December 31, 2027?",will-china-invade-taiwan-by-december-31-2027,0xe6d5e5da83874cd82c9b651a8a5d4fc541a800a295fb62e85124b4f5a04a4b7d
2026-09-24 11:00,0.000,0.00,0.00,0.0100,0.08,0.09,0.01,5,0,0.0,0,0.0,81359,16,2027-07-01T03:59:00Z,"Will China invade Taiwan by June 30, 2027?",will-china-invade-taiwan-by-june-30-2027,0x057da165b096d1f3a59d87bcad68649aecd18dc25c89a6d083530d1aaac18146
2026-09-24 11:00,0.004,70.00,0.00,0.0010,0.041,0.042,0.01,5,0,0.0,0,3.5,816459,459537,2027-01-01T04:59:00Z,"Putin out as President of Russia by December 31, 2026?",putin-out-before-2027-346,0x6bd56627aa21311850825edb27e53434a0e17a4f782be0086bc07f71eee00d0d
2026-09-24 11:00,0.000,0.00,0.00,0.0100,0.11,0.12,0.01,5,0,0.0,0,4.5,103855,2952,2027-07-01T03:59:00Z,"Putin out as President of Russia by June 30, 2027?",putin-out-as-president-of-russia-by-june-30-2027,0xcbac06e53a332298ba921cac34bf293bc9bdfd0aeccb37e6f7f1d100956fbe3c
2026-09-24 11:00,0.005,70.00,0.00,0.0100,0.06,0.07,0.01,5,0,0.0,0,3.5,714284,73680,2027-01-01T04:59:00Z,Will the Iranian regime fall before 2027?,will-the-iranian-regime-fall-by-the-end-of-2026,0xbb4d51e6364066d92eb6f9b8413dd7193de70966736044463b205834805a1f3b
2026-09-24 11:00,0.051,100.00,588.16,0.0020,0.036,0.038,0.001,5,0,4.0,25,3.5,723627,61620,2027-01-01T04:59:00Z,Will the US confirm that aliens exist before 2027?,will-the-us-confirm-that-aliens-exist-before-2027-789-924-249,0x747dc809fb79e1b05be09c42d6179459a58de2ef3e40f02484a4e1260f741f75
2026/09/24 11:00,0.030,100.00,94.87,0.0010,0.062,0.063,0.001,5,0,4.0,25,4.5,358504,10120,2027-01-01T05:00:00Z,Clarity Act (H.R.3633) signed into law in 2026?,clarity-act-signed-into-law-in-2026,0x9cb23d04b2ded06147482076688b69b487a8d982c63ebdda2ab3678cf27cf390
2026/09/24 11:00,0.137,300.00,997.48,0.0010,0.042,0.043,0.001,5,0,4.0,25,3.5,498647,103527,2027-01-01T04:59:00Z,Xi Jinping out before 2027?,xi-jinping-out-before-2027,0xa467b14d51f01b957109d9cbb1d6c124fab2a089d52ed8f471d23c2812e743b7
2026/09/24 11:00,0.004,50.00,0.00,0.0020,0.038,0.04,0.001,5,0,0.0,0,3.5,616221,66360,2027-01-01T04:59:00Z,Will China invade Taiwan by end of 2026?,will-china-invade-taiwan-before-2027,0xd9fb1184af0064e5e34b129f5b79afa5a17b7e32f2953ab05efed82315fee6d4
2026/09/24 11:00,0.000,0.00,0.00,0.0100,0.11,0.12,0.01,5,0,0.0,0,0.0,209348,4207,2028-01-01T04:59:00Z,"Will China invade Taiwan by December 31, 2027?",will-china-invade-taiwan-by-december-31-2027,0xe6d5e5da83874cd82c9b651a8a5d4fc541a800a295fb62e85124b4f5a04a4b7d
2026/09/24 11:00,0.000,0.00,0.00,0.0100,0.08,0.09,0.01,5,0,0.0,0,0.0,81359,16,2027-07-01T03:59:00Z,"Will China invade Taiwan by June 30, 2027?",will-china-invade-taiwan-by-june-30-2027,0x057da165b096d1f3a59d87bcad68649aecd18dc25c89a6d083530d1aaac18146
2026/09/24 11:00,0.005,70.00,0.00,0.0010,0.041,0.042,0.001,5,0,0.0,0,3.5,746836,25116,2027-01-01T04:59:00Z,"Putin out as President of Russia by December 31, 2026?",putin-out-before-2027-346,0x6bd56627aa21311850825edb27e53434a0e17a4f782be0086bc07f71eee00d0d
2026/09/24 11:00,0.000,0.00,0.00,0.0100,0.11,0.12,0.01,5,0,0.0,0,4.5,106494,195,2027-07-01T03:59:00Z,"Putin out as President of Russia by June 30, 2027?",putin-out-as-president-of-russia-by-june-30-2027,0xcbac06e53a332298ba921cac34bf293bc9bdfd0aeccb37e6f7f1d100956fbe3c
2026/09/24 11:00,0.005,70.00,0.00,0.0100,0.06,0.07,0.01,5,0,0.0,0,3.5,694242,17391,2027-01-01T04:59:00Z,Will the Iranian regime fall before 2027?,will-the-iranian-regime-fall-by-the-end-of-2026,0xbb4d51e6364066d92eb6f9b8413dd7193de70966736044463b205834805a1f3b
2026/09/24 11:00,0.051,100.00,847.10,0.0020,0.036,0.038,0.001,5,0,4.0,25,3.5,965581,87965,2027-01-01T04:59:00Z,Will the US confirm that aliens exist before 2027?,will-the-us-confirm-that-aliens-exist-before-2027-789-924-249,0x747dc809fb79e1b05be09c42d6179459a58de2ef3e40f02484a4e1260f741f75
2026/09/24 11:00,0.030,100.00,94.87,0.0010,0.062,0.063,0.001,5,0,4.0,25,4.5,358504,10120,2027-01-01T05:00:00Z,Clarity Act (H.R.3633) signed into law in 2026?,clarity-act-signed-into-law-in-2026,0x9cb23d04b2ded06147482076688b69b487a8d982c63ebdda2ab3678cf27cf390
2026/09/24 11:00,0.091,300.00,584.36,0.0010,0.042,0.043,0.001,5,0,4.0,25,3.5,515274,61029,2027-01-01T04:59:00Z,Xi Jinping out before 2027?,xi-jinping-out-before-2027,0xa467b14d51f01b957109d9cbb1d6c124fab2a089d52ed8f471d23c2812e743b7
2026/09/24 11:00,0.004,50.00,0.00,0.0020,0.038,0.04,0.001,5,0,0.0,0,3.5,640040,66360,2027-01-01T04:59:00Z,Will China invade Taiwan by end of 2026?,will-china-invade-taiwan-before-2027,0xd9fb1184af0064e5e34b129f5b79afa5a17b7e32f2953ab05efed82315fee6d4
2026/09/24 11:00,0.000,0.00,0.00,0.0100,0.11,0.12,0.01,5,0,0.0,0,0.0,209349,4207,2028-01-01T04:59:00Z,"Will China invade Taiwan by December 31, 2027?",will-china-invade-taiwan-by-december-31-2027,0xe6d5e5da83874cd82c9b651a8a5d4fc541a800a295fb62e85124b4f5a04a4b7d
2026/09/24 11:00,0.000,0.00,0.00,0.0100,0.08,0.09,0.01,5,0,0.0,0,0.0,79986,8,2027-07-01T03:59:00Z,"Will China invade Taiwan by June 30, 2027?",will-china-invade-taiwan-by-june-30-2027,0x057da165b096d1f3a59d87bcad68649aecd18dc25c89a6d083530d1aaac18146
2026/09/24 11:00,0.005,70.00,0.00,0.0010,0.041,0.042,0.001,5,0,0.0,0,3.5,761288,25116,2027-01-01T04:59:00Z,"Putin out as President of Russia by December 31, 2026?",putin-out-before-2027-346,0x6bd56627aa21311850825edb27e53434a0e17a4f782be0086bc07f71eee00d0d
2026/09/24 11:00,0.000,0.00,0.00,0.0100,0.11,0.12,0.01,5,0,0.0,0,4.5,106524,195,2027-07-01T03:59:00Z,"Putin out as President of Russia by June 30, 2027?",putin-out-as-president-of-russia-by-june-30-2027,0xcbac06e53a332298ba921cac34bf293bc9bdfd0aeccb37e6f7f1d100956fbe3c
2026/09/24 11:00,0.005,70.00,0.00,0.0100,0.06,0.07,0.01,5,0,0.0,0,3.5,698719,17391,2027-01-01T04:59:00Z,Will the Iranian regime fall before 2027?,will-the-iranian-regime-fall-by-the-end-of-2026,0xbb4d51e6364066d92eb6f9b8413dd7193de70966736044463b205834805a1f3b
2026/09/24 11:00,0.053,100.00,847.54,0.0030,0.035,0.038,0.001,5,0,4.0,25,3.5,901327,87965,2027-01-01T04:59:00Z,Will the US confirm that aliens exist before 2027?,will-the-us-confirm-that-aliens-exist-before-2027-789-924-249,0x747dc809fb79e1b05be09c42d6179459a58de2ef3e40f02484a4e1260f741f75
